chr	pos	ref	alt	matching_index
10	125816702	A	G	66
1	21509427	C	T	0
2	47402967	G	C	369
2	127429019	C	T	368
5	147831792	C	T	429
17	75843827	G	A	281
22	19756055	C	T	391
5	177409589	G	A	428
9	133353951	A	C	511
2	50346952	C	A	359
17	4903157	C	T	276
3	31622328	G	T	408
10	49473613	T	C	74
11	88337727	G	T	100
1	204196535	G	A	17
10	78009519	C	T	77
19	35282425	C	T	312
3	171027252	T	G	404
17	77320193	G	C	273
2	71590178	A	G	381
4	154591876	G	A	416
5	112707526	A	G	431
18	23001782	T	G	592
22	30615125	A	T	393
1	155301467	T	C	11
20	44355624	G	A	596
X	49250456	T	C	534
X	101386224	T	C	519
7	156791472	C	T	459
X	155022807	T	C	561
1	197128690	T	C	33
16	31484657	C	A	266
9	134753839	T	A	512
16	176708	G	C	247
7	30963945	A	C	448
4	55418167	G	A	420
13	113105777	G	C	226
22	40346510	T	C	389
2	47378939	A	G	378
Y	2787733	C	G	589
5	70925065	A	G	426
6	26087421	G	A	438
17	44262928	C	T	270
4	154608970	T	A	423
8	11703355	C	A	473
5	128335592	T	C	436
10	87965537	T	A	63
11	77128488	A	G	99
6	116877784	A	G	444
3	14168404	T	C	407
X	153971810	A	G	559
12	6125928	G	A	196
6	152321898	T	C	445
1	172658941	T	C	15
16	89651659	C	T	269
2	69326167	G	T	376
2	47806875	A	C	367
1	90916206	C	T	23
17	3636418	G	T	275
8	31108591	A	G	492
2	224503834	A	C	386
4	158672382	A	G	412
16	2057459	C	T	261
1	243305133	C	T	36
16	173692	A	G	249
5	14871458	G	A	424
1	160032009	G	C	14
11	5254942	C	T	168
1	11790916	C	T	27
13	83878728	C	T	214
4	15988237	T	C	418
7	35254169	C	T	449
5	132378362	T	A	437
3	180650140	T	C	410
12	88101183	T	C	199
3	48595346	G	A	402
3	71785056	G	T	397
1	156873600	T	A	31
3	93973917	G	A	398
2	69245213	A	G	380
3	15645647	G	A	400
13	99986636	T	A	236
16	67942609	A	G	268
X	43973439	T	C	514
3	138944973	G	T	401
1	112956192	C	T	2
3	36993441	C	G	394
16	16150567	G	C	263
8	60850475	C	A	494
X	13750239	A	G	571
8	22201444	T	C	489
X	154182566	A	C	570
22	23834262	C	T	390
11	2171855	A	T	124
9	34635581	C	A	505
19	38583494	A	G	356
17	75765158	A	G	272
1	7961859	C	G	18
X	129553302	A	G	579
3	12379690	A	G	405
X	33211366	A	T	513
2	130599294	T	C	366
14	36660831	G	A	244
4	154569320	C	T	422
11	57597582	C	T	95
17	50194840	C	T	287
11	2159793	T	C	103
4	987083	C	G	411
1	156130818	T	G	29
19	11089282	A	G	349
1	173917430	G	C	16
9	130479849	C	T	510
11	119084703	C	T	173
11	17476966	G	C	172
11	112228271	A	T	190
X	50069446	G	A	586
7	44189510	C	G	450
17	63917989	C	T	288
8	63086022	G	A	471
19	54130024	C	G	357
4	186265841	G	A	415
8	42843314	G	A	470
9	89338609	G	A	508
3	10149972	C	G	399
13	20193019	G	A	215
17	82893535	C	G	289
8	11564613	G	T	499
13	52011547	T	A	222
8	22130702	G	A	478
1	228149860	A	G	8
19	48965348	A	G	338
1	216423268	C	A	7
19	41424831	T	A	348
X	48824894	A	T	566
5	60927745	C	G	435
8	19939200	G	C	468
X	154762824	C	G	530
8	115415107	A	C	496
6	87589959	T	C	442
2	47022084	T	A	377
20	32807751	G	A	609
13	60163938	C	T	208
6	32039081	C	G	443
3	3146404	T	C	406
11	299504	G	A	80
X	71107428	T	C	536
14	73133653	A	G	246
X	24726579	A	G	572
X	55031184	G	C	543
11	61967589	T	A	97
11	2161189	T	G	81
17	68512458	G	A	271
4	42963153	A	T	419
4	88523797	C	T	417
1	55039507	C	A	1
11	17388145	G	A	91
9	127854482	G	A	504
14	54902685	G	A	241
10	87863299	C	T	52
5	36877164	C	T	425
1	109608607	C	T	28
2	72887420	G	A	360
16	31191628	C	A	254
11	2883979	C	A	175
20	6122775	T	C	601
16	288079	C	T	252
X	153865838	T	G	583
1	209806022	C	T	5
2	189007457	T	G	385
4	108024034	G	T	421
18	57586871	C	G	591
17	31203089	A	G	284
8	27792650	G	A	491
20	18057908	A	C	604
X	37780011	T	C	540
11	64810131	G	T	98
13	48303715	G	T	218
7	76302496	T	C	451
X	124346334	C	T	565
11	47337820	T	C	187
12	53321870	G	A	194
17	8002902	T	C	279
17	44001600	C	A	280
3	149170483	G	A	409
1	45015501	G	T	24
7	117479600	C	T	452
X	68829682	T	C	517
7	94395818	A	G	455
19	38647712	C	T	315
17	60159513	G	A	274
6	118548219	A	G	440
X	108570694	G	A	578
12	12717833	G	C	191
20	2470762	G	T	602
16	56961884	G	A	256
1	100195897	T	G	10
11	46739514	T	A	177
7	155802892	C	A	447
20	23049806	G	T	594
12	114266710	G	T	197
6	136822621	C	T	439
1	11023351	G	A	9
2	97733464	G	A	383
2	218660148	A	G	375
9	21974876	G	T	502
8	41708992	C	T	493
X	147912097	G	C	529
1	171652737	A	C	26
21	33296409	C	T	590
1	158656669	A	C	32
17	44393555	C	T	282
14	75958692	G	A	243
16	3256969	G	C	255
10	27100445	G	C	40
10	93620620	T	A	78
9	113391634	G	A	509
4	73436100	G	A	413
2	25164783	G	T	358
18	79710825	C	T	593
11	108223043	A	G	101
X	101346683	T	G	577
11	47449163	G	C	93
16	67436156	C	T	267
12	102839031	T	C	192
X	139563228	A	G	537
1	209633028	C	T	34
X	151405064	A	G	539
10	69278711	G	C	76
20	44619862	A	T	610
11	5225488	A	G	112
19	12887264	A	G	352
12	51914612	G	C	195
17	46010416	C	T	286
X	22248184	A	G	533
